{"lr": 1.2709859991884243e-05, "data_time": 0.007088303565979004, "loss": 1.3951550006866456, "time": 3.9210175275802612, "iter": 8300, "memory": 12012, "step": 8300}
