{"lr": 1.3523784211804065e-05, "data_time": 0.00772554874420166, "loss": 1.4014410734176637, "time": 3.928233003616333, "iter": 8250, "memory": 12012, "step": 8250}
{"lr": 1.3359122216504898e-05, "data_time": 0.007299208641052246, "loss": 1.41048344373703, "time": 3.919097423553467, "iter": 8260, "memory": 12012, "step": 8260}
{"lr": 1.3195397031649677e-05, "data_time": 0.007052731513977051, "loss": 1.3858690977096557, "time": 3.9329141855239866, "iter": 8270, "memory": 12012, "step": 8270}
{"lr": 1.3032610427528168e-05, "data_time": 0.00807795524597168, "loss": 1.4217997908592224, "time": 3.9292316198349, "iter": 8280, "memory": 12012, "step": 8280}
{"lr": 1.2870764164281732e-05, "data_time": 0.00726468563079834, "loss": 1.4186846375465394, "time": 3.9173216819763184, "iter": 8290, "memory": 12012, "step": 8290}
{"lr": 1.2709859991884243e-05, "data_time": 0.007088303565979004, "loss": 1.3951550006866456, "time": 3.9210175275802612, "iter": 8300, "memory": 12012, "step": 8300}
